Issue Type,Issue Key,Summary,Description,Priority,Story Points,Epic Name,Epic Link,Sprint,Status,Acceptance Criteria
Epic,SSCP-E1,Campaign Creation & Milestone Structuring,"Enables student founders to configure campaign parameters, establish funding targets, configure timelines, and define structured milestone funding tranches. (Derived from FR-002, UC-01)",High,,Campaign Creation,,,Done,"Campaign setup workflow validated with target, duration, and staged tranches."
Epic,SSCP-E2,Backer Pledging & Reward Selection,"Provides backers with an intuitive checkout flow to select pledge amounts, pick reward tiers, and securely deposit funds into escrow. (Derived from FR-003, UC-02, UC-03, UC-04)",High,,Backer Pledging & Escrow,,,Done,Pledge checkout operational with reward tier selection and PCI-DSS escrow authorization.
Epic,SSCP-E3,Milestone Evidence & Faculty Verification System,"Facilitates the submission of milestone deliverables by student founders and evaluation, approval, or rejection by faculty reviewers. (Derived from FR-004, UC-05, UC-06)",High,,Milestone Review System,,,Done,End-to-end evidence submission and faculty evaluation audit trail functioning.
Epic,SSCP-E4,Tranche Disbursement & Escrow Management,"Controls the disbursement of escrowed funds to student founders upon successful milestone sign-off. (Derived from FR-001, UC-07, UC-04)",High,,Tranche Disbursement,,,Done,Automated escrow verification and gateway disbursement upon faculty sign-off.
Epic,SSCP-E5,Automated Notifications & Transparency Engine,"Keeps all stakeholders updated through automated alerts on milestones, disbursements, and campaign progress. (Derived from FR-005, UC-08)",Medium,,Automated Notifications,,,Done,Multi-channel notifications dispatched within 5 minutes and transparent public ledger visible.
Story,SSCP-1,Story 1.1: Campaign Target & Venture Overview Configuration,"As a Student Founder, I want to define my campaign title, pitch, category, and total funding target, so that potential backers understand the startup proposition and capital needs.",High,5,,Campaign Creation,SSCP Sprint 1,Done,"Given valid venture title, target amount (> 0), and description, when founder submits, draft campaign is initialized."
Story,SSCP-2,Story 1.2: Campaign Duration & Timeline Setting,"As a Student Founder, I want to set the start and end dates for my campaign, so that the fundraising campaign is time-bound and builds momentum.",High,3,,Campaign Creation,SSCP Sprint 1,Done,"Given an active campaign creation form, when founder specifies start/end dates (duration between 14-60 days), dates are validated."
Story,SSCP-3,Story 1.3: Milestone & Tranche Breakdown,"As a Student Founder, I want to divide my project roadmap into distinct sequential milestones with individual funding tranches, so that funds can be disbursed in structured, verifiable phases.",High,8,,Campaign Creation,SSCP Sprint 1,Done,"Given campaign target T, sum of all milestone tranches must equal T, each having defined deliverables and due dates."
Story,SSCP-4,Story 2.1: Backer Reward Tier Selection,"As a Campaign Backer, I want to view available reward tiers and select one (or choose no reward) before confirming my contribution, so that I receive tangible incentives and perks.",Medium,5,,Backer Pledging & Escrow,SSCP Sprint 1,Done,"Given active campaign with reward tiers, when backer pledges, chosen reward tier is logged on confirmation receipt."
Story,SSCP-5,Story 2.2: Secure Escrow Pledge Processing,"As a Campaign Backer, I want to authorize my payment via a PCI-DSS compliant gateway into platform escrow, so that my funds are protected until milestones are formally verified.",High,8,,Backer Pledging & Escrow,SSCP Sprint 1,Done,"Given valid pledge amount, when payment is authorized, funds are locked in campaign escrow and auth token returned."
Story,SSCP-6,Story 3.1: Milestone Evidence Submission,"As a Student Founder, I want to upload completion evidence (code repos, demonstration links, reports) for a due milestone, so that the faculty committee can evaluate actual progress.",High,5,,Milestone Review System,SSCP Sprint 2,Done,"Given an ongoing milestone, when founder attaches deliverables and submits, status changes to Under Review."
Story,SSCP-7,Story 3.2: Faculty Committee Review & Decision,"As a Faculty Committee Member, I want to inspect submitted deliverables and record an Approve or Reject decision with evaluative comments, so that fund disbursement is justified.",High,5,,Milestone Review System,SSCP Sprint 2,Done,"Given assigned submission, reviewer decision, ID, timestamp, and comments are immutably logged."
Story,SSCP-8,Story 3.3: Revision & Resubmission Workflow,"As a Student Founder, I want to review faculty rejection feedback and resubmit revised evidence before the revision deadline, so that I can rectify deficiencies without forfeiting the campaign.",Medium,3,,Milestone Review System,SSCP Sprint 2,Done,"Given Revision Requested status, when founder resubmits within deadline, review cycle resets to Under Review."
Story,SSCP-9,Story 4.1: Escrow Balance & Precondition Validation,"As a System Service, I want to verify that escrow balance is sufficient and conditions are satisfied prior to release, so that fund releases never exceed collected pledges.",High,3,,Tranche Disbursement,SSCP Sprint 2,Done,"Given approved milestone, system validates escrow balance >= tranche amount before payment call."
Story,SSCP-10,Story 4.2: Automated Tranche Disbursement,"As a Student Founder, I want approved milestone funds to be transferred directly to my linked bank account, so that I have the required capital to execute the next project phase.",High,8,,Tranche Disbursement,SSCP Sprint 2,Done,"Given verified approval and escrow check, payout completes, milestone status updates to Released, and ledger updates."
Story,SSCP-11,Story 5.1: Multi-Channel Milestone & Tranche Notifications,"As a Student Founder and Backer, I want to receive automated email and in-app alerts whenever a milestone is approved, rejected, or a tranche is released, so that I stay informed within 5 minutes.",Medium,5,,Automated Notifications,SSCP Sprint 2,Done,"Given any milestone status change or payout, notifications are dispatched to all backers and founders within 5 mins."
Story,SSCP-12,Story 5.2: Public Campaign Ledger & Milestone Timeline,"As a Campaign Backer, I want to view a transparent milestone timeline and fund disbursement ledger, so that I can audit venture progress and fund allocation.",Low,3,,Automated Notifications,SSCP Sprint 2,Done,"Given active/completed campaign, verified milestones and disbursed tranches are publicly visible on campaign timeline."
